<?xml version="1.0" encoding="UTF-8"?>
<window id="1100">
	<defaultcontrol always="true">9000</defaultcontrol>
	<backgroundcolor>background</backgroundcolor>
	<controls>
		<include>DefaultBackground</include>
		<control type="multiimage">
			<depth>DepthBackground</depth>
			<include>FullScreenDimensions</include>
			<aspectratio>scale</aspectratio>
			<fadetime>600</fadetime>
			<animation effect="zoom" center="auto" end="102,102" time="0" condition="Integer.IsGreater(System.StereoscopicMode,0)">conditional</animation>
			<animation effect="fade" start="0" end="100" time="400">WindowOpen</animation>
			<animation effect="fade" start="100" end="0" time="300">WindowClose</animation>
			<animation effect="fade" time="400">VisibleChange</animation>
			<imagepath background="true" colordiffuse="bg_overlay">$VAR[AddonsFanartVar]</imagepath>
			<visible>!Player.HasMedia</visible>
		</control>
		<control type="group">
			<animation effect="fade" start="100" end="0" time="200" tween="sine" condition="$EXP[infodialog_active]">Conditional</animation>
			<control type="group" id="400">
				<include>OpenClose_Right</include>
					<include content="AddonLauncherPanel">
					<param name="group_id" value="500" />
					<param name="id" value="video" />
					<param name="container_path" value="addons://sources/video/" />
					<param name="container_target" value="videos" />
					<param name="imagewidget_onclick" value="ActivateWindow(addonbrowser,addons://all/xbmc.addon.video,return)" />
				</include>
				<include content="AddonLauncherPanel">
					<param name="group_id" value="501" />
					<param name="id" value="music" />
					<param name="container_path" value="addons://sources/audio/" />
					<param name="container_target" value="music" />
					<param name="imagewidget_onclick" value="ActivateWindow(addonbrowser,addons://all/xbmc.addon.audio,return)" />
				</include>
				<include content="AddonLauncherPanel">
					<param name="group_id" value="509" />
					<param name="id" value="game" />
					<param name="container_path" value="addons://sources/game/" />
					<param name="container_target" value="games" />
					<param name="imagewidget_onclick" value="ActivateWindow(addonbrowser,addons://all/category.standalonegames,return)" />
				</include>
				<include content="AddonLauncherPanel">
					<param name="group_id" value="502" />
					<param name="id" value="addons" />
					<param name="container_path" value="addons://sources/executable/" />
					<param name="container_target" value="programs" />
					<param name="imagewidget_onclick" value="ActivateWindow(addonbrowser,addons://all/xbmc.addon.executable,return)" />
				</include>
				<include content="AddonLauncherPanel" condition="System.Platform.Android">
					<param name="group_id" value="506" />
					<param name="id" value="android" />
					<param name="container_path" value="androidapp://sources/apps/" />
					<param name="container_target" value="programs" />
				</include>
				<include content="AddonLauncherPanel">
					<param name="group_id" value="503" />
					<param name="id" value="pictures" />
					<param name="container_path" value="addons://sources/image/" />
					<param name="container_target" value="pictures" />
					<param name="imagewidget_onclick" value="ActivateWindow(addonbrowser,addons://all/xbmc.addon.image,return)" />
				</include>
				<include content="AddonLauncherPanel">
					<param name="group_id" value="507" />
					<param name="id" value="download" />
					<param name="container_path" value="addons://all/" />
					<param name="container_target" value="addonbrowser" />
				</include>
				<include content="AddonLauncherPanel">
					<param name="group_id" value="508" />
					<param name="id" value="manage" />
					<param name="container_path" value="addons://user" />
					<param name="container_target" value="addonbrowser" />
				</include>
			</control>
			<control type="group">
				<include>OpenClose_Left</include>
				<control type="fixedlist" id="9000">
					<left>3%</left>
					<top>340</top>
					<width>500</width>
					<height>855</height>
					<pagecontrol>70</pagecontrol>
					<movement>6</movement>
					<focusposition>0</focusposition>
					<onup>700</onup>
					<ondown>700</ondown>
					<onright>SetFocus($INFO[Container(9000).ListItem.Property(menu_id)])</onright>
					<scrolltime tween="cubic" easing="out">500</scrolltime>
					<focusedlayout height="60" width="462">
						<control type="image">
								<texture colordiffuse="FFFFFFFF" background="true">$INFO[ListItem.Icon]</texture>
								<height>40</height>
								<width>40</width>
								<top>10</top>
								<left>1%</left>
								<visible>Control.HasFocus(9000)  | ControlGroup(700).hasFocus()</visible>
							</control>
							<control type="image">
								<texture colordiffuse="IconsMenuFocus" background="true">$INFO[ListItem.Icon]</texture>
								<height>40</height>
								<width>40</width>
								<top>10</top>
								<left>1%</left>
								<visible>!$EXP[FocusMenu] | Control.HasFocus(9000)</visible>
							</control>

							<control type="button">
								<focusedcolor>button_focus</focusedcolor>
								<textcolor>button_focus</textcolor>
								<label>$INFO[Container(9000).ListItem.Label]</label>
								<include content="DefaultSettingButton">
									<param name="texture" value="Palantir/lists/focus2.png"/>
									<param name="colordiffuse" value="button_focus_flix" />
									<param name="height" value="60" />
									<param name="textoffsetx" value="0" />
									<param name="texturenofocus" value="Palantir/lists/focus2.png"/>
									<param name="colordiffusenofocus" value="button_focus_flix" />
								</include>
								<left>12%</left>
								<width max="420">auto</width>
								<visible>Control.HasFocus(9000)</visible>
							</control>

							<control type="button">
								<label>$INFO[Container(9000).ListItem.Label]</label>
								<include content="DefaultSettingButton">
									<param name="texture" value="Palantir/lists/focus2.png"/>
									<param name="colordiffuse" value="button_focus_flix" />
									<param name="height" value="60" />
									<param name="textoffsetx" value="0" />
									<param name="texturenofocus" value="Palantir/lists/focus2.png"/>
									<param name="colordiffusenofocus" value="button_focus_flix" />
								</include>
								<left>12%</left>
								<width max="420">auto</width>
								<visible>!Control.HasFocus(9000)</visible>
							</control>					
					</focusedlayout>
					<itemlayout height="60" width="462">
						<control type="image">
								<texture colordiffuse="IconsMenuNoFocus" background="true">$INFO[ListItem.Icon]</texture>
								<height>40</height>
								<width>40</width>
								<top>10</top>
								<left>1%</left>
								<visible>!Control.HasFocus(9000) + !ControlGroup(700).hasFocus()</visible>
							</control>
							<control type="image">
								<texture colordiffuse="FFFFFFFF" background="true">$INFO[ListItem.Icon]</texture>
								<height>40</height>
								<width>40</width>
								<top>10</top>
								<left>1%</left>
								<visible>true</visible>
							</control>
							<control type="label">
								<label>$INFO[Container(9000).ListItem.Label]</label>
								<height>2%</height>
								<width>80%</width>
								<align>left</align>
								<top>10</top>
								<left>12%</left>
								<font>font25_title</font>
								<visible>true</visible>
							</control>
					</itemlayout>
					<content>
						<item id="1">
							<label>$LOCALIZE[1037]</label>
							<onclick>ActivateWindow(videos,addons://sources/video/,return)</onclick>
							<thumb>Palantir/iconsmenu/videos.png</thumb>
							<property name="id">video</property>
							<property name="path">addons://sources/video/</property>
							<property name="menu_id">$NUMBER[500]</property>
						</item>
						<item id="2">
							<label>$LOCALIZE[1038]</label>
							<onclick>ActivateWindow(music,addons://sources/audio/,return)</onclick>
							<thumb>Palantir/iconsmenu/music.png</thumb>
							<property name="id">music</property>
							<property name="path">addons://sources/audio/</property>
							<property name="menu_id">$NUMBER[501]</property>
						</item>
						<item id="8">
							<label>$LOCALIZE[35049]</label>
							<visible>System.GetBool(gamesgeneral.enable)</visible>
							<onclick>ActivateWindow(games,addons://sources/game/,return)</onclick>
							<thumb>Palantir/iconsmenu/games.png</thumb>
							<property name="id">game</property>
							<property name="path">addons://sources/game/</property>
							<property name="menu_id">$NUMBER[509]</property>
						</item>
						<item id="3">
							<label>$LOCALIZE[1043]</label>
							<onclick>ActivateWindow(programs,addons://sources/executable/,return)</onclick>
							<thumb>Palantir/iconsmenu/programs.png</thumb>
							<property name="id">addons</property>
							<property name="path">addons://sources/executable/</property>
							<property name="menu_id">$NUMBER[502]</property>
						</item>
						<item id="4">
							<label>$LOCALIZE[20244]</label>
							<onclick>ActivateWindow(programs,androidapp://sources/apps/,return)</onclick>
							<thumb>Palantir/iconsmenu/android.png</thumb>
							<property name="id">android</property>
							<property name="path">androidapp://sources/apps/</property>
							<property name="menu_id">$NUMBER[506]</property>
							<visible>System.Platform.Android</visible>
						</item>
						<item id="5">
							<label>$LOCALIZE[1039]</label>
							<onclick>ActivateWindow(pictures,addons://sources/image/,return)</onclick>
							<thumb>Palantir/iconsmenu/pictures.png</thumb>
							<property name="id">pictures</property>
							<property name="path">addons://sources/image/</property>
							<property name="menu_id">$NUMBER[503]</property>
						</item>
						<item id="7">
							<label>$LOCALIZE[24998]</label>
							<onclick>ActivateWindow(addonbrowser,addons://user/,return)</onclick>
							<thumb>Palantir/iconsmenu/manage.png</thumb>
							<property name="id">manage</property>
							<property name="path">addons://user/</property>
							<property name="menu_id">$NUMBER[508]</property>
						</item>
						<item id="6">
							<label>$LOCALIZE[33003]</label>
							<onclick>ActivateWindow(addonbrowser,addons://all/,return)</onclick>
							<thumb>Palantir/iconsmenu/download.png</thumb>
							<property name="id">download</property>
							<property name="path">addons://all/</property>
							<property name="menu_id">$NUMBER[507]</property>
						</item>
					</content>
				</control>
			</control>
			<control type="grouplist" id="700">
				<orientation>horizontal</orientation>
				<itemgap>60</itemgap>
				<centerleft>15%</centerleft>
				<width>360</width>
				<height>250</height>
				<top>200</top>
				<onup>SetFocus(9000,99,absolute)</onup>
				<ondown>SetFocus(9000,0,absolute)</ondown>
				<include>OpenClose_Left</include>
				<onright>400</onright>
				<usecontrolcoords>true</usecontrolcoords>
				<control type="button" id="801">
					<hitrect x="0" y="0" w="100" h="120" />	
					<width>40</width>
					<focusedcolor>button_focus_flix</focusedcolor>
					<include content="DefaultSettingButton">
						<param name="texture" value="icons/submenu/add-ons.png"/>
						<param name="texturenofocus" value="icons/submenu/add-ons.png"/>
						<param name="colordiffuse" value="IconsMenuFocus" />
						<param name="colordiffusenofocus" value="white" />
						<param name="height" value="40" />
					</include>
					<onclick>ActivateWindow(addonbrowser,root)</onclick>
				</control>

				<control type="button" id="802">
					<hitrect x="0" y="0" w="100" h="120" />
					<width>40</width>
					<focusedcolor>button_focus_flix</focusedcolor>
					<include content="DefaultSettingButton">
						<param name="texture" value="icons/submenu/updatelibrary.png"/>
						<param name="texturenofocus" value="icons/submenu/updatelibrary.png"/>
						<param name="colordiffuse" value="IconsMenuFocus" />
						<param name="colordiffusenofocus" value="white" />
						<param name="height" value="40" />
					</include>
					<onclick>ActivateWindow(addonbrowser,addons://outdated/,return)</onclick>
					<visible>Integer.IsGreater(Container(8000).NumItems,0)</visible>
				</control>

				<control type="button" id="803">
					<hitrect x="0" y="0" w="100" h="120" />	
					<width>40</width>
					<focusedcolor>button_focus_flix</focusedcolor>
					<include content="DefaultSettingButton">
						<param name="texture" value="icons/settings.png"/>
						<param name="texturenofocus" value="icons/settings.png"/>
						<param name="colordiffuse" value="IconsMenuFocus" />
						<param name="colordiffusenofocus" value="white" />
						<param name="height" value="40" />
					</include>
					<onclick>ActivateWindow(systemsettings,addons)</onclick>
				</control>

				<control type="label" id="804">
					<left>-197</left>
					<top>-22</top>
					<height>70</height>
					<width>100</width>
					<aligny>center</aligny>
					<align>center</align>
					<font>font25_title</font>
					<label>$VAR[AddonCountLabel]</label>
					<shadowcolor>text_shadow</shadowcolor>
					<visible>Integer.IsGreater(Container(8000).NumItems,0)</visible>
				</control>
			</control>
			<include>LogoSp</include>
			<include content="TopBar2" condition="Skin.HasSetting(MostrarBarraSuperior)">
				<param name="breadcrumbs_label" value="$LOCALIZE[24001]" />
			</include>
			<include>BottomBar</include>
			<control type="group">
				<left>-10000</left>
				<include content="InfoList">
					<param name="path" value="addons://outdated/" />
					<param name="bottom" value="1" />
					<param name="width" value="1" />
					<param name="list_id" value="8000" />
					<param name="item_label" value="" />
				</include>
			</control>
		</control>
	</controls>
</window>
