<?xml version="1.0" encoding="utf-8"?>
<window>
	<defaultcontrol always="true">9000</defaultcontrol>
	<backgroundcolor>background</backgroundcolor>
	<controls>
		<include>DefaultBackground</include>
		<control type="multiimage">
			<depth>DepthBackground</depth>
			<include>FullScreenDimensions</include>
			<aspectratio>scale</aspectratio>
			<fadetime>600</fadetime>
			<animation effect="zoom" center="auto" end="102,102" time="0" condition="Integer.IsGreater(System.StereoscopicMode,0)">conditional</animation>
			<animation effect="fade" start="0" end="100" time="400">WindowOpen</animation>
			<animation effect="fade" start="100" end="0" time="300">WindowClose</animation>
			<animation effect="fade" time="400">VisibleChange</animation>
			<imagepath background="true" colordiffuse="bg_overlay">$INFO[Skin.String(HomeFanart.path)]settings$INFO[Skin.String(HomeFanart.ext)]</imagepath>
			<visible>!Player.HasMedia + !String.IsEmpty(Skin.String(HomeFanart.path))</visible>
		</control>
		<control type="group" id="9100">
			<include>OpenClose_Right</include>
			<left>472</left>
			<control type="image">
				<top>130</top>
				<right>0</right>
				<height>3</height>
				<texture colordiffuse="button_focus" border="2">dialogs/separator-grey.png</texture>
			</control>
			<control type="image">
				<bottom>134</bottom>
				<right>0</right>
				<height>3</height>
				<texture colordiffuse="button_focus" border="2">dialogs/separator-grey.png</texture>
			</control>
			<control type="panel" id="2">
				<top>148</top>
				<left>30</left>
				<visible>Container(9000).Hasfocus(2)</visible>
				<right>0</right>
				<bottom>137</bottom>
				<onleft>9000</onleft>
				<onright>9000</onright>
				<onup>2</onup>
				<ondown>2</ondown>
				<scrolltime>200</scrolltime>
				<itemlayout height="390" width="354">
					<!-- <control type="image">
						<top>5</top>
						<width>320</width>
						<height>380</height>
						<texture>dialogs/dialog-bg-nobo.png</texture>
						<bordertexture border="21" infill="false">overlays/shadow.png</bordertexture>
						<bordersize>20</bordersize>
					</control> -->
					<control type="image">
						<left>51</left>
						<top>38</top>
						<width>215</width>
						<height>215</height>
						<aspectratio>scale</aspectratio>
						<texture fallback="DefaultUser.png">$INFO[Listitem.Icon]</texture>
					</control>
					<control type="label">
						<left>10</left>
						<top>255</top>
						<width>305</width>
						<height>100</height>
						<align>center</align>
						<aligny>top</aligny>
						<font>font25_title</font>
						<label>$INFO[ListItem.Label]</label>
					</control>
					<control type="label">
						<left>10</left>
						<top>290</top>
						<width>305</width>
						<height>100</height>
						<font>font20_title</font>
						<align>center</align>
						<aligny>top</aligny>
						<label>$LOCALIZE[31029]:</label>
						<visible>!String.IsEqual(Listitem.Label,$LOCALIZE[20058])</visible>
					</control>
					<control type="label">
						<left>10</left>
						<top>321</top>
						<width>305</width>
						<height>100</height>
						<font>font20_title</font>
						<align>center</align>
						<aligny>top</aligny>
						<label fallback="13170">$INFO[ListItem.Label2]</label>
						<visible>!String.Contains(Listitem.Label,$LOCALIZE[20058])</visible>
					</control>
				</itemlayout>
				<focusedlayout height="390" width="354">
					<control type="group">
						<animation type="Focus" reversible="false">
							<effect type="zoom" center="200,140" start="100" end="120" time="300" tween="sine" />
						</animation>
						<animation type="UnFocus" reversible="false">
							<effect type="zoom" center="200,140" start="120" end="100" time="0" tween="sine" />
						</animation>
						<control type="image">
							<left>51</left>
							<top>38</top>
							<width>215</width>
							<height>215</height>
							<aspectratio>scale</aspectratio>
							<texture colordiffuse="button_focus" fallback="DefaultUser.png">$INFO[Listitem.Icon]</texture>
						</control>
						<control type="label">
							<left>10</left>
							<top>255</top>
							<width>305</width>
							<height>100</height>
							<align>center</align>
							<aligny>top</aligny>
							<font>font25_title</font>
							<textcolor>button_focus</textcolor>
							<label>$INFO[ListItem.Label]</label>
						</control>
						<control type="label">
							<left>10</left>
							<top>290</top>
							<width>305</width>
							<height>100</height>
							<align>center</align>
							<aligny>top</aligny>
							<font>font20_title</font>
							<textcolor>button_focus</textcolor>
							<label>$LOCALIZE[31029]:</label>
							<visible>!String.Contains(Listitem.Label,$LOCALIZE[20058])</visible>
						</control>
						<control type="label">
							<left>10</left>
							<top>321</top>
							<width>305</width>
							<height>100</height>
							<font>font20_title</font>
							<align>center</align>
							<aligny>top</aligny>
							<textcolor>button_focus</textcolor>
							<label fallback="13170">$INFO[ListItem.Label2]</label>
							<visible>!String.Contains(Listitem.Label,$LOCALIZE[20058])</visible>
						</control>
					</control>
				</focusedlayout>
			</control>
			<control type="grouplist" id="9001">
				<visible>Container(9000).Hasfocus(1)</visible>
				<right>0</right>
				<height>735</height>
				<top>163</top>
				<onleft>9000</onleft>
				<onright>9000</onright>
				<onup>9001</onup>
				<ondown>9001</ondown>
				<control type="radiobutton" id="4">
					<label>$LOCALIZE[31057]</label>
					<focusedcolor>button_focus</focusedcolor>
					<include content="DefaultSettingButton">
						<param name="texture" value="noop"/>
						<param name="colordiffuse" value="noop" />
						<param name="height" value="60" />
					</include>
				</control>
				<control type="button" id="5">
					<label>$LOCALIZE[31058]</label>
					<label2>[B]$INFO[System.ProfileAutoLogin][/B]</label2>
					<focusedcolor>button_focus</focusedcolor>
			<include content="DefaultSettingButton">
				<param name="texture" value="noop"/>
				<param name="colordiffuse" value="noop" />
				<param name="height" value="60" />
			</include>
					<enable>!Window.IsVisible(ProfileSettings) + !System.HasLoginScreen</enable>
				</control>
			</control>
		</control>
		<control type="group">
			<depth>DepthContentPanel</depth>
			<include>OpenClose_Left</include>
			<include content="ContentPanel">
				<param name="width" value="530" />
			</include>
			<include>LogoSp</include>
			<control type="list" id="9000">
				<left>3%</left>
				<top>330</top>
				<width>500</width>
				<height>567</height>
				<onleft>9100</onleft>
				<onright>9100</onright>
				<onup>9000</onup>
				<ondown>9000</ondown>
				<scrolltime>300</scrolltime>
				<itemlayout height="60" width="500">
					<control type="label">
						<left>0</left>
						<right>0</right>
						<bottom>0</bottom>
						<label>$INFO[ListItem.Label]</label>
						<font>font25_title</font>
						<aligny>center</aligny>
					</control>	
				</itemlayout>
				<focusedlayout height="60" width="500"  condition="Control.HasFocus(9000)">
					<control type="button">
						<left>0</left>
						<top>0</top>
						<width max="500">auto</width>
						<height>60</height>
						<visible>true</visible>
						<textoffsetx>0</textoffsetx>
						<colordiffuse>button_focus</colordiffuse>
						<texturefocus colordiffuse="button_focus_flix">Palantir/lists/focus2.png</texturefocus>
						<texturenofocus colordiffuse="button_focus_flix">Palantir/lists/focus2.png</texturenofocus>
						<label>$INFO[Container(9000).ListItem.Label]</label>
						<font>font25_title</font>
						<textcolor>button_focus</textcolor>
						<focusedcolor>button_focus</focusedcolor>
						<disabledcolor>80FFFFFF</disabledcolor>
						<invalidcolor>FFFFFFFF</invalidcolor>	
					</control>
				</focusedlayout>
				<focusedlayout height="60" width="500" condition="!Control.HasFocus(9000)">
					<control type="button">
						<left>0</left>
						<top>0</top>
						<width max="500">auto</width>
						<height>60</height>
						<visible>true</visible>
						<textoffsetx>0</textoffsetx>
						<colordiffuse>button_focus</colordiffuse>
						<texturefocus colordiffuse="button_focus_flix">Palantir/lists/focus2.png</texturefocus>
						<texturenofocus colordiffuse="button_focus_flix">Palantir/lists/focus2.png</texturenofocus>
						<label>$INFO[Container(9000).ListItem.Label]</label>
						<font>font25_title</font>
						<textcolor>button_focus</textcolor>
						<focusedcolor>button_focus</focusedcolor>
						<disabledcolor>80FFFFFF</disabledcolor>
						<invalidcolor>FFFFFFFF</invalidcolor>
					</control>
				</focusedlayout>
				<content>
					<item id="1">
						<label>$LOCALIZE[128]</label>
						<onclick>noop</onclick>
						<icon></icon>
					</item>
					<item id="2">
						<label>$LOCALIZE[13200]</label>
						<onclick>noop</onclick>
						<icon></icon>
					</item>
				</content>
			</control>
		</control>
		<include content="TopBar2">
			<param name="breadcrumbs_label" value="$LOCALIZE[10034]" />
		</include>
		<include>BottomBar</include>
	</controls>
</window>
