<?xml version="1.0" encoding="UTF-8"?>
<includes>

	<include name="View_506_PalantirFlixEpisodes">
		<control type="group">		
			<include>OpenClose_Right</include>
			<left>0</left>
			<top>0</top>
			<visible>Control.IsVisible(506)</visible>
			<include>Visible_Right</include>
			<control type="group" description="GeneralFlixSeasons">
				<include>FullScreenDimensions</include>
				

				<control type="image" description="ArtFullonNonWidgetPalantir">
					<texture background="true">$INFO[ListItem.Art(fanart)]</texture>
					<height>100%</height>
					<width>100%</width>
					<top>0</top>
					<right>0</right>					
				</control>
				<control type="image" description="ArtFullonNonWidgetPalantir">
					<texture>Palantir/overlays/menubgdiff.png</texture>
					<height>100%</height>
					<width>100%</width>
					<top>0</top>
					<right>0</right>		
					<animation effect="fade" start="80" end="80" time="100" condition="true">conditional</animation>			
				</control>


				<include content="Clearlogo">
					<param name="visible" value="Skin.HasSetting(OcultarClearLogo.506)" />
				</include>

				<control type="label">
					<label>$INFO[ListItem.Property(P3Titulo)]</label> 
					<height>10%</height>
					<width max="35%">auto</width>
					<font>font30_title</font>
					<top>12%</top>
					<left>5%</left>
					<scroll>true</scroll>
					<scrollspeed>30</scrollspeed>	
					<scrollsuffix>       -</scrollsuffix>
					<align>left</align>
					<aligny>center</aligny>
					<centerleft>20%</centerleft>
					<visible>!String.IsEmpty(ListItem.Art(clearlogo)) + !Skin.HasSetting(OcultarClearLogo.506) + !Skin.HasSetting(OcultarTituloInfoAudioVideo.506)</visible>
				</control>

				<include content="InfolineSeries">
					<param name="visible" value="true" />
				</include>

				<control type="image" description="PosterTemporada">
					<texture>$INFO[ListItem.Art(season.poster)]</texture>
					<top>25%</top>
					<left>5%</left>
					<height>700</height>
					<width>486</width>
				</control>

				<control type="grouplist">
					<description>Linea Info Encima Thumbs</description>
					<left>40%</left>
					<top>40</top>
					<width>1000</width>
					<height>40</height>
					<itemgap>15</itemgap>
					<visible>true</visible>
					<pagecontrol>25</pagecontrol>
					<orientation>horizontal</orientation>
					<visible>!String.IsEqual(ListItem.Label,..)</visible>
					<control type="image" description="lineaTituloEpisodios">  
						<texture>Palantir/color_red.png</texture>
						<height>40</height>
						<width>5</width>
						<aligny>center</aligny>
						<top>0</top>
						<left>0</left>
						<visible>true</visible>
					</control>
					<control type="label"> 	
						<label>Temporada $INFO[ListItem.Season]</label> 
						<height>40</height>
						<width>auto</width>
						<textcolor>amarillopalantir</textcolor>
						<font>font37_title</font>
					</control>
					<control type="image" description="img_mpaa">
						<texture>Palantir/mpaa/$INFO[ListItem.Mpaa].png</texture>
						<height>40</height>
						<width>50</width>
						<top>30</top>
						<visible>!String.IsEmpty(ListItem.Mpaa)</visible>
					</control>
					<control type="label" description="Genero"> 
						<label>$INFO[ListItem.Genre]</label>
						<height>40</height>
						<width>auto</width>
						<textcolor>grey</textcolor>
						<top>80</top>
						<font>font25_title</font>
						<aligny>center</aligny>	
					</control>
					
				</control>
		

				<!-- right list -->
				<control type="group">
					<visible>Control.IsVisible(506)</visible>
					<top>100</top>
					<posx>781</posx>
					<control type="fixedlist" id="506">
						<scrolltime tween="cubic" easing="out">1000</scrolltime>
						<animation effect="fade" start="100" end="70" time="150" condition="!Control.HasFocus(506)">Conditional</animation>
						<animation effect="fade" start="100" end="0" condition="Container(506).IsUpdating">Conditional</animation>
						<top>0</top>
						<viewtype label="Palantir Flix Episodes">wide</viewtype>
						<visible>$EXP[Vista506]</visible>
						<left>0</left>
						<height>100%</height>
						<width>1100</width>
						<orientation>vertical</orientation>
						<focusposition>0</focusposition>
						<pagecontrol>60</pagecontrol>
						<onleft>9000</onleft>
						<onup>506</onup>
						<ondown>506</ondown>
						<onback>setfocus(505)</onback>
						<onright>60</onright>
						<preloaditems>2</preloaditems>
						<focusedlayout width="1050" height="270">
						<include>botonFocusedLayoutVARs</include>
							<control type="group">
								<top>10</top>
								<left>10</left>
								<include content="FlixEpisodes">
									<param name="focused" value="true" />
								</include>
							</control>
						</focusedlayout>
						
						<itemlayout width="1050" height="270">
							<control type="group">
								<left>10</left>
								<top>10</top>
								<include content="FlixEpisodes">
									<param name="focused" value="false" />
								</include>
							</control>
						</itemlayout>
					</control>
				</control>
				<include content="BusyListSpinner">
					<param name="list_id" value="506"/>
					<param name="posy" value="550"/>
					<param name="posx" value="880" />
					<param name="visible" value="Container(506).IsUpdating + !Window.IsVisible(DialogBusy.xml)"/>
				</include>
			</control> <!--/GeneralFlixSeasons-->
		</control> <!--control include-->
	</include>
</includes>
